name,requirements,details,full_address,short_address,street,city,state,zip,phone,hours,tags
07/04 Community Cupboard Mobile,Requirements: None.,"Details: Saturday, 08:30 AM - While Supplies Last","Countryside Church: 13130 Faith Plza, Omaha, NE 68144","13130 Faith Plza, Omaha, NE 68144",13130 Faith Plza,Omaha,NE,68144,NA,,Mobile Pantry
07/07 Ralston High School Mobile,Requirements: None.,"Details: Tuesday, 05:00 PM - While Supplies Last","Ralston High School-Front Parking Lot: 8969 Park Dr, Ralston, NE 68127","8969 Park Dr, Ralston, NE 68127",8969 Park Dr,Ralston,NE,68127,NA,,Mobile Pantry
"07/08 Cass, IA County - Atlantic Mobile",Requirements: None.,"Details: Wednesday, 04:00 PM - While Supplies Last","Cass County Community Center: 805 West 10th St, Atlantic, IA 50022","805 West 10th St, Atlantic, IA 50022",805 West 10th St,Atlantic,IA,50022,NA,,Mobile Pantry
07/08 Douglas County West Elementary School Mobile,Requirements: None.,"Details: Wednesday, 04:00 PM - While Supplies Last","400 S Center St, Valley, NE 68064","400 S Center St, Valley, NE 68064",400 S Center St,Valley,NE,68064,NA,,Mobile Pantry
07/09 Lexington Mobile,Requirements: None.,"Details: Thursday, 03:00 PM - While Supplies Last","Dawson County Fairgrounds: 1000 Plum Creek PRKWY, Lexington, NE 68850","1000 Plum Creek PRKWY, Lexington, NE 68850",1000 Plum Creek PRKWY,Lexington,NE,68850,NA,,Mobile Pantry
07/09 Tabitha's Thread Mobile,Requirements: None.,"Details: Thursday, 02:45 PM - While Supplies Last","Cass County Fairgrounds: 8420 144th St, Weeping Water, NE 68463","8420 144th St, Weeping Water, NE 68463",8420 144th St,Weeping Water,NE,68463,NA,,Mobile Pantry
07/10 Faith Food Mobile,Requirements: None.,"Details: Friday, 08:00 AM - While Supplies Last","Immanuel Lutheran Church: 27053 Co Rd 12, Hooper, NE 68031","27053 Co Rd 12, Hooper, NE 68031",27053 Co Rd 12,Hooper,NE,68031,NA,,Mobile Pantry
07/11 Loaves and Fishes Mobile,Requirements: None.,"Details: Saturday, 09:30 AM - While Supplies Last","College Park: 3180 W HWY 34, Grand Island, NE 68801","3180 W HWY 34, Grand Island, NE 68801",3180 W HWY 34,Grand Island,NE,68801,NA,,Mobile Pantry
07/11 Long Pine Mobile,Requirements: None.,"Details: Friday, 08:30 AM - While Supplies Last","The Palace: 485 N Main St, Long Pine, NE 69217","485 N Main St, Long Pine, NE 69217",485 N Main St,Long Pine,NE,69217,NA,,Mobile Pantry
07/11 Simon House Mobile,Requirements: None.,"Details: Saturday, 10:00 AM - While Supplies Last","1853 10th Ave, Columbus, NE 68601","1853 10th Ave, Columbus, NE 68601",1853 10th Ave,Columbus,NE,68601,NA,,Mobile Pantry
07/11 Springview Mobile,Requirements: None.,"Details: Saturday, 09:30 AM - While Supplies Last","Springview Methodist Church: 205 S Oak St, Springview, NE 68778","205 S Oak St, Springview, NE 68778",205 S Oak St,Springview,NE,68778,NA,,Mobile Pantry
07/17 CAP OF MID: Kearney - Minden Mobile,Requirements: None.,"Details: Friday, 09:30 AM - While Supplies Last","Minden United Methodist Church: 340 Newell Ave, Minden, NE 68959","340 Newell Ave, Minden, NE 68959",340 Newell Ave,Minden,NE,68959,NA,,Mobile Pantry
07/18 Salvation Army West Point Mobile,Requirements: None.,"Details: Saturday, 08:15 AM - While Supplies Last","Nielsen Center: 200 Anna Stalp Ave, West Point, NE 68788","200 Anna Stalp Ave, West Point, NE 68788",200 Anna Stalp Ave,West Point,NE,68788,NA,,Mobile Pantry
07/18 United Harvest Mobile,Requirements: None.,"Details: Saturday, 09:45 AM - While Supplies Last","First Presbyterian Church PEACE Center: 622 N. Lincoln Ave, Hastings, NE 68901","622 N. Lincoln Ave, Hastings, NE 68901",622 N. Lincoln Ave,Hastings,NE,68901,NA,,Mobile Pantry
07/18 United Methodist Church Mobile,Requirements: None.,"Details: Saturday, 10:30 AM - While Supplies Last","Central City Airport: 1346 Ormsby Rd, Central City, NE 68826","1346 Ormsby Rd, Central City, NE 68826",1346 Ormsby Rd,Central City,NE,68826,NA,,Mobile Pantry
07/21 Antelope County Mobile,Requirements: None.,"Details: Tuesday, 02:00 PM - While Supplies Last","American Legion Club: 115 W 3rd St, Neligh, NE 68756","115 W 3rd St, Neligh, NE 68756",115 W 3rd St,Neligh,NE,68756,NA,,Mobile Pantry
07/21 Kreft Primary School Mobile,Requirements: None.,"Details: Tuesday, 04:30 PM - While Supplies Last","3206 Renner Dr, Council Bluffs, IA 51501","3206 Renner Dr, Council Bluffs, IA 51501",3206 Renner Dr,Council Bluffs,IA,51501,NA,,Mobile Pantry
07/22 United Way of Western Nebraska Box Butte Mobile,Requirements: None.,Details: Wednesday 4:00 PM (MST) - While Supplies Last,"Senior Center: 212 Yellowstone Ave, Alliance, NE 69301","212 Yellowstone Ave, Alliance, NE 69301",212 Yellowstone Ave,Alliance,NE,69301,(308) 635-2522,,Mobile Pantry
07/24 Plattsmouth Bible Church Mobile,Requirements: None.,"Details: Friday, 04:00 PM - While Supplies Last","1602 1st Ave, Plattsmouth, NE 68048","1602 1st Ave, Plattsmouth, NE 68048",1602 1st Ave,Plattsmouth,NE,68048,NA,,Mobile Pantry
07/25 All Saints Episcopal Church Mobile,Requirements: None.,"Details: Saturday, 08:00 AM - While Supplies Last","9302 Blondo St, Omaha, NE 68134","9302 Blondo St, Omaha, NE 68134",9302 Blondo St,Omaha,NE,68134,NA,,Mobile Pantry
07/25 Bloomfield Cares Mobile,Requirements: None.,"Details: Saturday, 12:00 PM - While Supplies Last","First Trinity Lutheran Church: 402 E Main St, Bloomfield, NE 68718","402 E Main St, Bloomfield, NE 68718",402 E Main St,Bloomfield,NE,68718,NA,,Mobile Pantry
07/25 Plainview Ministerial Pantry Mobile,Requirements: None.,"Details: Saturday, 10:30 AM - While Supplies Last","United Methodist Church: 103 W Woodland St, Plainview, NE 68769","103 W Woodland St, Plainview, NE 68769",103 W Woodland St,Plainview,NE,68769,NA,,Mobile Pantry
07/25 Wayne County Mobile,Requirements: None.,"Details: Saturday, 10:00 AM - While Supplies Last","Journey Church: 1110 E 7th St, Wayne, NE 68787","1110 E 7th St, Wayne, NE 68787",1110 E 7th St,Wayne,NE,68787,NA,,Mobile Pantry
07/30 Montgomery County IA Mobile,Requirements: None.,"Details: Wednesday, 03:30 PM - While Supplies Last","Montgomery Fairgrounds: 1798 N 1st St, Red Oak, IA 51566","1798 N 1st St, Red Oak, IA 51566",1798 N 1st St,Red Oak,IA,51566,NA,,Mobile Pantry
Anita Food Pantry,Requirements: TEFAP form if applicable (no ID required to receive USDA/TEFAP food).,Details: USDA/TEFAP Provider.,"208 Chestnut St, Anita, IA 50020","208 Chestnut St, Anita, IA 50020",208 Chestnut St,Anita,IA,50020,(712) 762-3645,"Mon - Fri By appointment; Sat 1st and 3rd Sat of each month, 9:00 am - 11:00 am; Sun By appointment",Food Pantry
Antelope County Food Pantry,Requirements: Sign USDA form (no ID required to receive USDA/TEFAP food).,Details: USDA/TEFAP Provider.,"110 W 5th St, Neligh, NE 68756","110 W 5th St, Neligh, NE 68756",110 W 5th St,Neligh,NE,68756,(402) 843-5307,"Thurs 1st and 3rd Thurs of each month, 11:30 am - 1:30 pm",Food Pantry
Arapahoe Area Pantry,Requirements: None.,Details: USDA/TEFAP Provider.,"210 7th St, Arapahoe, NE 68922","210 7th St, Arapahoe, NE 68922",210 7th St,Arapahoe,NE,68922,(308) 962-7296,Tues 2:00 pm - 4:00 pm; Fri 2:00 pm - 4:00 pm,Food Pantry
Atkinson/Stuart Pantry - West Holt Health Ministries,Requirements: Sign USDA form (no ID required to receive USDA/TEFAP food).,Details: USDA/TEFAP Provider.,"108 State St, Atkinson, NE 68713","108 State St, Atkinson, NE 68713",108 State St,Atkinson,NE,68713,(308) 548-8044,"Wed 1st and 3rd Weds of each month, 11:00 am - 1:00 pm",Food Pantry
Atlantic Food Pantry,Requirements: None.,NA,"19 West 4th St, Atlantic, IA 50022","19 West 4th St, Atlantic, IA 50022",19 West 4th St,Atlantic,IA,50022,(712) 243-2019,Thurs 1:00 pm - 3:00 pm,Food Pantry
Bellevue Food Pantry,Requirements: Sarpy County resident.,NA,"1912 Hancock St, Bellevue, NE 68005","1912 Hancock St, Bellevue, NE 68005",1912 Hancock St,Bellevue,NE,68005,(402) 292-2961,Mon - Tues 9:00 am - 4:00 pm; Wed 9:00 am - 6:00 pm; Thurs 9:00 am - 4:00 pm,Food Pantry
Benson Baptist Pantry,"Requirements: Photo id, social security, proof of residence (no ID required to receive USDA/TEFAP food).",Details: USDA/TEFAP Provider.,"6319 Maple St, Omaha, NE 68104","6319 Maple St, Omaha, NE 68104",6319 Maple St,Omaha,NE,68104,(402) 551-1512,"Sat Last Sat of each month, 9:00 am - 12:00 pm",Food Pantry
Bethesda Sda Temple Pantry,Requirements: None.,Details: USDA/TEFAP Provider.,"3725 Ames Ave, Omaha, NE 68111","3725 Ames Ave, Omaha, NE 68111",3725 Ames Ave,Omaha,NE,68111,(402) 455-0601,"Sat By appointment, 1:00 pm - 5:00 pm",Food Pantry
Black Men United,Requirements: Please call partner for more information.,NA,"4200 N 30th St, Omaha, NE 68111","4200 N 30th St, Omaha, NE 68111",4200 N 30th St,Omaha,NE,68111,(402) 708-9482,Mon Please call partner for more information.,Food Pantry
"Blue Valley Community Action, Inc.",Requirements: Please call partner for more information.,NA,"825 Dorcas St, Omaha, NE 68105","825 Dorcas St, Omaha, NE 68105",825 Dorcas St,Omaha,NE,68105,(402) 587-0050,"Wed 1st and 3rd Weds of each month, 10:00 am - 12:00 pm",Food Pantry
Bridgeport Food Pantry,"Requirements: ID for everyone in household, proof of residency, income verification (no ID required to receive USDA/TEFAP food).",Details: USDA/TEFAP Provider.,"1011 Main St, Bridgeport, NE 69336","1011 Main St, Bridgeport, NE 69336",1011 Main St,Bridgeport,NE,69336,(308) 279-2626,"Thurs 1st, 3rd, 5th Thurs 10:00 am - 1:00 pm; 2nd and 4th Thurs 5:30pm - 7:30pm",Food Pantry
Burwell Food Pantry,Requirements: None.,Details: USDA/TEFAP Provider.,"First Congregational Church: 657 H St, Burwell, NE 68823","657 H St, Burwell, NE 68823",657 H St,Burwell,NE,68823,(308) 214-0861,"Mon Please call partner for more information.; Tues 3rd Tuesday of the month, 3:00 pm - 6:00 pm; Thurs 2nd Thursday 10:30 am-12:30 pm",Food Pantry
Care & Share Pantry,Requirements: TEFAP form if applicable (no ID required to receive USDA/TEFAP food).,Details: USDA/TEFAP Provider.,"1808 5th Ave, Council Bluffs, IA 51503","1808 5th Ave, Council Bluffs, IA 51503",1808 5th Ave,Council Bluffs,IA,51503,(402) 212-7324,Mon 9:30 am - 12:00 pm; Thurs 9:30 am - 12:00 pm,Food Pantry
Care & Share Pantry - Main St,Requirements: TEFAP form if applicable (no ID required to receive USDA/TEFAP food).,Details: USDA/TEFAP Provider.,"600 S Main St, Council Bluffs, IA 51503","600 S Main St, Council Bluffs, IA 51503",600 S Main St,Council Bluffs,IA,51503,(402) 212-7324,Mon 5:30 pm - 7:00 pm; Wed 5:30 pm - 7:00 pm,Food Pantry
Care Corps. Inc,"Requirements: Driver's License, photo ID, and proof of residency (no ID required to receive USDA/TEFAP food).",Details: USDA/TEFAP Provider.,"549 N H St, Fremont, NE 68025","549 N H St, Fremont, NE 68025",549 N H St,Fremont,NE,68025,(402) 721-3125,Tues 10:00 am - 2:00 pm; Wed 4:00 pm - 6:00 pm; Thurs 5:00 pm - 7:00 pm,Food Pantry
Catholic Charities (CC) Juan Diego Center,"Requirements: Pandemic - none / post pandemic photo id, piece of mail with matching address, TEFAP form if applicable (no ID required to receive USDA/TEFAP food).",Details: USDA/TEFAP Provider.,"5211 S 31St St, Omaha, NE 68107","5211 S 31St St, Omaha, NE 68107",5211 S 31St St,Omaha,NE,68107,(402) 731-5413,Mon - Tues 9:30 am - 11:30 am; Wed 4:00 pm - 6:00 pm; Thurs - Fri 9:30 am - 11:30 am,Food Pantry
Catholic Charities (CC) St Martin De Porres Pantry,"Requirements: Pandemic - none / post pandemic photo id, piece of mail with matching address, TEFAP form if applicable (no ID required to receive USDA/TEFAP food).",Details: USDA/TEFAP Provider.,"2111 Emmet St, Omaha, NE 68110","2111 Emmet St, Omaha, NE 68110",2111 Emmet St,Omaha,NE,68110,(402) 453-6363,Mon 9:00 am - 1:00 pm; Tues 2:00 pm - 4:00 pm; Fri 9:00 am - 1:00 pm,Food Pantry
Chappell Food Pantry,Requirements: None.,Details: USDA/TEFAP Provider.,"602 3rd St, Chappell, NE 69129","602 3rd St, Chappell, NE 69129",602 3rd St,Chappell,NE,69129,(308) 874-6419,"Thurs 2nd Thurs of each month, 5:00 pm - 7:00 pm",Food Pantry
Clair Cares Food Pantry,Requirements: Please call partner for more information.,NA,"5544 Ames Ave, Omaha, NE 68104","5544 Ames Ave, Omaha, NE 68104",5544 Ames Ave,Omaha,NE,68104,(402) 451-8322,Sat 3rd Sat of each month from 10:00 am - 2:00 pm,Food Pantry
Clarinda Community Center Thrift Store and Pantry,Requirements: None.,Details: USDA/TEFAP Provider.,"615 E Main St, Clarinda, IA 51632","615 E Main St, Clarinda, IA 51632",615 E Main St,Clarinda,IA,51632,(712) 542-3161,Tues - Fri 9:00 am - 2:00 pm,Food Pantry
Clarinda Community Center Thrift Store and Pantry,Requirements: None.,Details: USDA/TEFAP Provider.,"615 E Main St, Clarinda, IA 51632","615 E Main St, Clarinda, IA 51632",615 E Main St,Clarinda,IA,51632,712-542-3161,Tues - Fri 9:00 am - 2:00 pm,Food Pantry
Colfax County Food Pantry,Requirements: Proof of address.,NA,"1213 Colfax St, Schuyler, NE 68661","1213 Colfax St, Schuyler, NE 68661",1213 Colfax St,Schuyler,NE,68661,(402) 910-6434,"Wed 1st and 3rd Wed of each month, 4:00 pm - 6:00 pm",Food Pantry
Community Action Partnership Of Western Nebraska (CAPWN) - Gering,Requirements: Income based (no ID required to receive USDA/TEFAP food).,Details: USDA/TEFAP Provider.,"3350 10th St, Gering, NE 69341","3350 10th St, Gering, NE 69341",3350 10th St,Gering,NE,69341,(308) 633-3236,"Mon - Fri 9:00 am - 3:15 pm by appointment, someone there through noon each day",Food Pantry
Community Food Pantry,Requirements:None.,NA,"Open area south of the First Baptist Church: 412 S Alexandra St, Cairo, NE 68824","412 S Alexandra St, Cairo, NE 68824",412 S Alexandra St,Cairo,NE,68824,(308) 379-2663,"Mon 1st, 3rd, and 5th Mon of each month, 5:00 pm - 7:00 pm; Tues - Sat By appointment only",Food Pantry
Community Food Pantry Of Shenandoah,"Requirements: Referral from designated agency, TEFAP form if applicable (no ID required to receive USDA/TEFAP food).",Details: USDA/TEFAP Provider.,"1209 5th Ave, Shenandoah, IA 51601","1209 5th Ave, Shenandoah, IA 51601",1209 5th Ave,Shenandoah,IA,51601,(712) 246-2093,Tues 9:00 am - 11:30 am; Wed 5:00 pm - 7:00 pm; Fri 9:00 am - 11:30 am,Food Pantry
Community Making Cindness Pantry,Requirements: None.,Details: USDA/TEFAP Provider.,"122 West Potter Street, Elm Creek, NE 68836","122 West Potter Street, Elm Creek, NE 68836",122 West Potter Street,Elm Creek,NE,68836,(308) 293-2218,Mon - Tues By appointment. Please call partner for more information.; Wed 2nd Wednesday of the month 10:00 am- 2:00 pm.; Thurs - Sun By appointment. Please call partner for more information.,Food Pantry
Community Of Christ Food Pantry,"Requirements: Photo ID / schedule individual appointment in 10min increments, TEFAP form if applicable (no ID required to receive USDA/TEFAP food).",Details: USDA/TEFAP Provider.,"17 N 2nd St, Council Bluffs, IA 51503","17 N 2nd St, Council Bluffs, IA 51503",17 N 2nd St,Council Bluffs,IA,51503,(712) 328-8122,Mon - Fri 9:00 am - 11:00 am,Food Pantry
Community Shepherds,Requirements: None.,NA,"404 Francis St, Dalton, NE 69125","404 Francis St, Dalton, NE 69125",404 Francis St,Dalton,NE,69125,(308) 249-0207,"Sat 1st Sat of each month, 8:00 am - 10:30 am",Food Pantry
Cornerstone Fellowship Church,Requirements: Please call partner for more information.,NA,"434 1st Ave, Bayard, NE 69334","434 1st Ave, Bayard, NE 69334",434 1st Ave,Bayard,NE,69334,(217) 775-4243,Mon - Sun Please call partner for more information.,Food Pantry
Cozad Food Pantry,"Requirements: ID, and if first time must have 2 forms of ID (no ID required to receive USDA/TEFAP food).",Details: USDA/TEFAP Provider.,"105 East Hwy 30, Cozad, NE 69130","105 East Hwy 30, Cozad, NE 69130",105 East Hwy 30,Cozad,NE,69130,(308) 529-0415,Mon 1:00 pm - 5:00 pm; Wed 1:00 pm - 5:00 pm; Fri 1:00 pm - 5:00 pm,Food Pantry
Cozad Haymaker Food Pantry,Requirements: None.,Details: USDA/TEFAP Provider.,"410 W 9th St, Cozad, NE 69130","410 W 9th St, Cozad, NE 69130",410 W 9th St,Cozad,NE,69130,(308) 784-2747,Mon - Fri 8:00 am- 4:00 pm,Food Pantry
Cozad Haymaker Grand Generation Center,Requirements: None.,NA,"410 W 9th St, Cozad, NE 69130","410 W 9th St, Cozad, NE 69130",410 W 9th St,Cozad,NE,69130,(308) 784-2747,Mon - Fri 11:30 am - 12:30 pm,Meal Provider
Crawford Food Pantry,Requirements: None.,Details: USDA/TEFAP Provider.,"11 Paddock St, Crawford, NE 69339","11 Paddock St, Crawford, NE 69339",11 Paddock St,Crawford,NE,69339,(210) 843-0693,Mon 5:00 pm - 6:30 pm; Wed 10:00 am - 11:30 am,Food Pantry
Crescent Food Pantry,Requirements: Iowa photo ID.,NA,"720 Old Lincoln Hwy, Crescent , IA 51526","720 Old Lincoln Hwy, Crescent , IA 51526",720 Old Lincoln Hwy,Crescent,IA,51526,(402) 350-2900,Tues 5:00 pm - 7:00 pm; Sat 1:00 pm - 3:00 pm,Food Pantry
Crossroads Mission Ave - Hastings,Requirements: None.,Details: USDA/TEFAP Provider.,"702 W 14th St, Hastings, NE 68901","702 W 14th St, Hastings, NE 68901",702 W 14th St,Hastings,NE,68901,(402) 462-6460,"Mon - Sun 24/7, Please call partner for more information.","Meal Provider, Food Pantry"
Crossroads Mission Ave - Kearney,Requirements: None.,Details: USDA/TEFAP Provider.,"1404 E 39th St, Kearney, NE 68847","1404 E 39th St, Kearney, NE 68847",1404 E 39th St,Kearney,NE,68847,(308) 236-5688,"Mon - Sun 24/7, Please call partner for more information.","Meal Provider, Food Pantry"
Crossroads Mission Avenue-Grand Island,Requirements: None.,Details: USDA/TEFAP Provider.,"1910 W 9th St, Grand Island, NE 68803","1910 W 9th St, Grand Island, NE 68803",1910 W 9th St,Grand Island,NE,68803,https://www.crossroadsmission.com/,Mon - Sun 7:00 am - 7:00 pm,"Food Pantry, Meal Provider"
Crossroads Mission Avenue-Lexington,Requirements: None.,Details: USDA/TEFAP Provider.,"114 W 5th St, Lexington NE 68850","114 W 5th St, Lexington NE 68850",114 W 5th St,Lexington NE 68850,NA,NA,(308) 378-3502,Mon - Fri 10:00 am- 6:00 pm; Sat 10:00 am- 5:00 pm,Food Pantry
Crossroads Wesleyan Church,Requirements: None.,Details: USDA/TEFAP Provider.,"220 W 17th St, Imperial, NE 69033","220 W 17th St, Imperial, NE 69033",220 W 17th St,Imperial,NE,69033,(308) 882-5010,Thurs 4:00 pm - 6:00 pm,Food Pantry
Disciples Pantry,"Requirements: ID, Proof of address or referral form (no ID required to receive USDA/TEFAP food).",Details: USDA/TEFAP Provider.,"4401 S 23rd St, Omaha, NE 68107","4401 S 23rd St, Omaha, NE 68107",4401 S 23rd St,Omaha,NE,68107,(402) 502-7070,Mon 9:00 am - 2:30 pm; Thurs - Fri 9:00 am - 2:30 pm,Food Pantry
Dunlap Community Food Pantry,Requirements: Proof of residency (no ID required to receive USDA/TEFAP food).,Details: USDA/TEFAP Provider.,"714 Iowa Ave, Dunlap, IA 51529","714 Iowa Ave, Dunlap, IA 51529",714 Iowa Ave,Dunlap,IA,51529,(712) 592-0549,Tues 3:00 pm - 7:00 pm; Sat 10:00 am - 2:00 pm,Food Pantry
East Lawn Food Pantry,Requirements: None.,NA,"2900 Grand Ave Lot 342, Kearney, NE 68847","2900 Grand Ave Lot 342, Kearney, NE 68847",2900 Grand Ave Lot 342,Kearney,NE,68847,(308) 367-7172,Tues 4:00 pm - 6:00 pm; Thurs 4:00 pm - 6:00 pm,Food Pantry
Eastern Nebraska Community Action Partnership (ENCAP),Requirements: CSFP form if applicable (no ID required to receive USDA/CSFP food). Age 60+. Details: USDA/CSFP Provider.,NA,"2406 Fowler Ave, Omaha, NE 68111","2406 Fowler Ave, Omaha, NE 68111",2406 Fowler Ave,Omaha,NE,68111,(402) 453-5656,Tues 9:00 am - 12:00 pm; Thurs 9:00 am - 12:00 pm,Food Pantry
Emerson–Hubbard Food Pantry,"Requirements: Proof of address, name, and telephone number (no ID required to receive USDA/TEFAP food).",Details: USDA/TEFAP Provider.,"103 W 3rd St, Emerson, NE 68733","103 W 3rd St, Emerson, NE 68733",103 W 3rd St,Emerson,NE,68733,(402) 369-4255,"Thurs 3rd Thurs of each month or by appointment, 2:00 pm - 5:00 pm or call for appointment",Food Pantry
Episcopal Church Of The Resurrection,Requirements: None.,NA,"3004 Belvedere Blvd, Omaha, NE 68111","3004 Belvedere Blvd, Omaha, NE 68111",3004 Belvedere Blvd,Omaha,NE,68111,(402) 455-7015,"Sat 1st, 2nd, 4th, and 5th Sat. each month: 10:00 am - 12:00 pm",Food Pantry
ESU2 - Educational Service Unit 2,Requirements: Must have documentation to show that client has current student at an ESU2 school in household.,NA,"2320 N Colorado Ave, Fremont, NE 68025","2320 N Colorado Ave, Fremont, NE 68025",2320 N Colorado Ave,Fremont,NE,68025,(402) 721-7710,Mon - Fri By appointment only,Food Pantry
Fairfield Community Food Pantry,Requirements: None.,Details: USDA/TEFAP Provider.,"205 E 6th St, Fairfield, NE 68938","205 E 6th St, Fairfield, NE 68938",205 E 6th St,Fairfield,NE,68938,(402) 726-2514,Mon - Fri Please call partner for more information.,Food Pantry
Faith Works Food Pantry,Requirements: None.,Details: USDA/TEFAP Provider.,"4814 Oaks Ln, Omaha, NE 68137","4814 Oaks Ln, Omaha, NE 68137",4814 Oaks Ln,Omaha,NE,68137,(402) 895-3394,"Thurs 2nd Thurs of each month, 5:00 pm - 7:00 pm; Sat 4th Sat of each month, 10:00 am - 12:00 pm",Food Pantry
First Baptish Church (FBC) Plattsmouth Pantry,Requirements: None.,Details: USDA/TEFAP Provider.,"16220 Hwy 75, Plattsmouth, NE 68048","16220 Hwy 75, Plattsmouth, NE 68048",16220 Hwy 75,Plattsmouth,NE,68048,(402) 297-0612,"Thurs 2nd Thurs of each month, 4:00 pm - 6:00 pm",Food Pantry
First Baptist Food Pantry,"Requirements: Proof of residency, photo id, TEFAP form if applicable (no ID required to receive USDA/TEFAP food).",Details: USDA/TEFAP Provider.,"540 1st Ave, Council Bluffs, IA 51502","540 1st Ave, Council Bluffs, IA 51502",540 1st Ave,Council Bluffs,IA,51502,(712) 322-2569,Tues 9:00 am - 12:00 pm,Food Pantry
First Presbyterian Church Pantry,"Requirements: Proof of address, ID, Social Security card (no ID required to receive USDA/TEFAP food).",Details: USDA/TEFAP Provider.,"216 S 34th St, Omaha, NE 68131","216 S 34th St, Omaha, NE 68131",216 S 34th St,Omaha,NE,68131,(402) 345-5383,Thurs 3:15 pm - 5:30 pm,Food Pantry
Franklin County Food Pantry,Requirements: None.,Details: USDA/TEFAP Provider.,"631 15th Ave, Franklin, NE 68939","631 15th Ave, Franklin, NE 68939",631 15th Ave,Franklin,NE,68939,(308) 425-3726,Wed 8:00 am - 4:00 pm by appointment,Food Pantry
Free Food & Many Blessings,Requirements: None.,Details: USDA/TEFAP Provider.,"122 7th St, Grand Island, NE 68801","122 7th St, Grand Island, NE 68801",122 7th St,Grand Island,NE,68801,(308) 379-4225,Mon - Sun Please call partner for more information.,Food Pantry
Freeway Ministries,Requirements: Residents only (no ID required to receive USDA/TEFAP food).,Details: USDA/TEFAP Provider.,"1030 S 24th St, Omaha, NE 68108","1030 S 24th St, Omaha, NE 68108",1030 S 24th St,Omaha,NE,68108,(417) 693-5237,Mon 24/7 - Please call partner for more information.,Meal Provider
Frontier County Food Pantry,Requirements: Please call partner for more information (no ID required to receive USDA/TEFAP food).,Details: USDA/TEFAP Provider.,"310 Center Ave, Curtis, NE 69025","310 Center Ave, Curtis, NE 69025",310 Center Ave,Curtis,NE,69025,(308) 379-5761,"Wed By appointment, 6:00 pm - 8:00 pm; Sun By appointment, 11:00 am - 1:00 pm",Food Pantry
FUMC Springfield Pantry,Requirements: None.,NA,"480 Main St, Springfield, NE 68059","480 Main St, Springfield, NE 68059",480 Main St,Springfield,NE,68059,(402) 253-2270,"Mon By appointment, Please call partner for more information.",Food Pantry
Gibbon Free Pantry,Requirements: None.,NA,"715 Front St, Gibbon, NE 68840","715 Front St, Gibbon, NE 68840",715 Front St,Gibbon,NE,68840,(308) 468-5521,Tues 6:30 pm - 8:00 pm; Thurs 6:30 pm - 8:00 pm,Food Pantry
Gosper County Food Pantry,Requirements: None.,Details: USDA/TEFAP Provider.,"601 Rush St, Elwood, NE 68937","601 Rush St, Elwood, NE 68937",601 Rush St,Elwood,NE,68937,(303) 880-1187,"Fri 2nd and 4th Fri of each month, 10:00 am - 12:00 pm",Food Pantry
Grace Ministries Food Pantry,"Requirements: ID, Social Security card for everyone, rent/utitlity bill, document of income (no ID required to receive USDA/TEFAP food).",Details: USDA/TEFAP Provider.,"114 E C St, North Platte, NE 69101","114 E C St, North Platte, NE 69101",114 E C St,North Platte,NE,69101,(308) 520-7458,Mon 1:00 pm - 3:00 pm; Wed 1:00 pm - 3:00 pm; Fri 1:00 pm - 3:00 pm,Food Pantry
Gracious Givers,Requirements: None.,NA,"305 Main St, Lewellen, NE 69147","305 Main St, Lewellen, NE 69147",305 Main St,Lewellen,NE,69147,(308) 778-6802,"Mon By appointment, please call partner for more information.; Tues 10:00 am - 2:00 pm; Wed - Thurs By appointment, please call partner for more information.; Fri Hours vary depending on bus hours for people with disabilities.; Sat 9:00 am - 2:00 pm",Food Pantry
Grant United Methodist Pantry,Requirements: Please call partner for more information (no ID required to receive USDA/TEFAP food).,Details: USDA/TEFAP Provider.,"500 Warren Ave, Grant, NE 69140","500 Warren Ave, Grant, NE 69140",500 Warren Ave,Grant,NE,69140,(308) 352-8251,"Mon - Sun By appointment, please call partner for more information.",Food Pantry
Greater Saint Paul Worship Center,Requirements: Please call partner for more information.,NA,"5116 Terrace Dr, Omaha, NE 68134","5116 Terrace Dr, Omaha, NE 68134",5116 Terrace Dr,Omaha,NE,68134,(402) 932-4415,Mon - Sun Please call partner for more information.,Food Pantry
Griswold Food Pantry,"Requirements: Griswold school district, TEFAP form if applicable (no ID required to receive USDA/TEFAP food).",Details: USDA/TEFAP Provider.,"100 Cass St, Griswold, IA 51535","100 Cass St, Griswold, IA 51535",100 Cass St,Griswold,IA,51535,(712) 778-4178,"Tues 2nd and 4th Tues of each month, 11:00 am - 2:00 pm and 5:30 pm - 7:00 pm",Food Pantry
Hamburg Interchurch Council Food Pantry,"Requirements: Photo ID, proof of residency, TEFAP form if applicable (no ID required to receive USDA/TEFAP food).",Details: USDA/TEFAP Provider.,"1008 Main St, Hamburg, IA 51640","1008 Main St, Hamburg, IA 51640",1008 Main St,Hamburg,IA,51640,(402) 209-6912,Thurs 5:00 am - 6:30 pm,Food Pantry
Hamilton County Food Pantry,Requirements: Proof of residency,NA,"1118 N St, Aurora, NE 68818","1118 N St, Aurora, NE 68818",1118 N St,Aurora,NE,68818,(402) 694-6979,Tues 11:30 am - 12:30 pm; Thurs 5:30 pm - 6:30 pm; Sat 9:00 am - 10:00 am,Food Pantry
"Harlan County Caring Cupboard, Inc.",Requirements: Please call partner for more information (no ID required to receive USDA/TEFAP food).,Details: USDA/TEFAP Provider.,"807 Main St, Alma, NE 68920","807 Main St, Alma, NE 68920",807 Main St,Alma,NE,68920,(308) 928-2264,Mon - Fri Please call partner for more information.,Food Pantry
Harvard Peoples Project Food Pantry,Requirements: Proof of residency (no ID required to receive USDA/TEFAP food).,Details: USDA/TEFAP Provider.,"501 N Harvard Ave, Harvard, NE 68944","501 N Harvard Ave, Harvard, NE 68944",501 N Harvard Ave,Harvard,NE,68944,(402) 772-2781,"Mon By appointment, 10:00 am - 6:00 pm; Tues - Fri Please call partner for more information.; Sat By appointment, 9:00 am - 10:30 am",Food Pantry
Hastings Food Pantry,Requirements: None.,Details: USDA/TEFAP Provider.,"918 W 4th St, Hastings, NE 68901","918 W 4th St, Hastings, NE 68901",918 W 4th St,Hastings,NE,68901,(402) 463-2911,Mon - Fri 11:00 am - 4:00 pm,Food Pantry
Heart Ministry Center Inc,Requirements: Please call partner for more information (no ID required to receive USDA/TEFAP food).,Details: USDA/TEFAP Provider.,"2222 Binney St, Omaha, NE 68110","2222 Binney St, Omaha, NE 68110",2222 Binney St,Omaha,NE,68110,(402) 880-4746,Tues (For Seniors) 10:00 am - 1:00 pm; Wed 10:00 am - 1:00 pm; Fri 10:00 am - 1:00 pm,Food Pantry
Heartland Child Development Center,Requirements: Enrolled student.,NA,"710 1st Ave, Council Bluffs, IA 51501","710 1st Ave, Council Bluffs, IA 51501",710 1st Ave,Council Bluffs,IA,51501,(712) 256-1877,"Mon - Fri 9:00 am, 11:30 am, 3:00 pm",Meal Provider
Heartland Hope Mission,Requirements: TEFAP form if applicable (no ID required to receive USDA/TEFAP food).,Details: USDA/TEFAP Provider.,"15555 Industrial Road, Omaha, NE 68144","15555 Industrial Road, Omaha, NE 68144",15555 Industrial Road,Omaha,NE,68144,(402) 733-1904,Wed 1:30 pm - 3:30 pm,Food Pantry
Helping Hands - Kearney,Requirements: None.,Details: USDA/TEFAP Provider.,"1724 1st Ave, Kearney, NE 68847","1724 1st Ave, Kearney, NE 68847",1724 1st Ave,Kearney,NE,68847,(308) 627-4859,"Sun 2nd Sun of each month, 2:00 pm - 4:00 pm",Food Pantry
Here to Help Food Pantry,Requirements: None.,Details: USDA/TEFAP Provider.,"403 Sturgis St, Glenvil, NE 68941","403 Sturgis St, Glenvil, NE 68941",403 Sturgis St,Glenvil,NE,68941,(402) 469-3786,"Sat 1st & 3rd Sat of each month, 10:00 am - 12:00 pm",Food Pantry
Hitchcock County Pantry,Requirements: None.,Details: USDA/TEFAP Provider.,"308 Taylor Ave, Culbertson, NE 69024","308 Taylor Ave, Culbertson, NE 69024",308 Taylor Ave,Culbertson,NE,69024,(308) 278-2123,"Mon 9:00 am - 11:00 am; Wed 2nd and 4th Wednesday of each month, 3:30 pm - 5:30 pm; Fri 1st and 3rd Fri of each month, 3:30 pm - 5:30 pm",Food Pantry
Holy Cross Lutheran Church,Requirements: Please call partner for more information.,NA,"4117 Terrace Dr, Omaha, NE 68134","4117 Terrace Dr, Omaha, NE 68134",4117 Terrace Dr,Omaha,NE,68134,(402) 571-1622,Mon Please call partner for more information.; Thurs 3rd Thurs of each month from 5:00 pm - 6:30 pm; Sat 1st Sat of each month from 8:00 am - 9:30 am,Food Pantry
Holy Ghost Pantry St. Vincent De Paul (SVDP),Requirements: None.,Details: USDA/TEFAP Provider.,"5219 S 53rd St, Omaha, NE 68117","5219 S 53rd St, Omaha, NE 68117",5219 S 53rd St,Omaha,NE,68117,(402) 731-3176,"Mon By appointment, Please call partner for more information.",Food Pantry
Holy Name St. Vincent De Paul (SVDP),"Requirements: ID, proof of address, Social Security card for dependents (no ID required to receive USDA/TEFAP food).",Details: USDA/TEFAP Provider.,"2901 Fontenelle Blvd, Omaha, NE 68104","2901 Fontenelle Blvd, Omaha, NE 68104",2901 Fontenelle Blvd,Omaha,NE,68104,(402) 451-6622,Wed 4:00 pm - 6:00 pm,Food Pantry
Hope Harbor Food Pantry,Requirements: None.,NA,"615 W 1st St, Grand Island, NE 68801","615 W 1st St, Grand Island, NE 68801",615 W 1st St,Grand Island,NE,68801,(308) 385-5190,Mon - Fri 9:00 am-3:00 pm; Sat - Sun Please call partner for more information.,Food Pantry
Hope West Food Pantry,Requirements: None.,NA,"2556 S 138th St, Omaha, NE 68144","2556 S 138th St, Omaha, NE 68144",2556 S 138th St,Omaha,NE,68144,(402) 932-0084,"Tues 12:00 pm - 3:00 pm; Sat 4th Sat of each month, 10:00 am - 12:00 pm",Food Pantry
Howard - Greeley Food Pantry,Requirements: None.,Details: USDA/TEFAP Provider.,"1104 4th St, St Paul, NE 68873","1104 4th St, St Paul, NE 68873",1104 4th St,St Paul,NE,68873,(308) 750-6439,Tues 4:00 pm - 6:00 pm; Sat 9:00 am - 11:00 am,Food Pantry
Human Services Inc.,Requirements: Residents only.,NA,"419 W 25th St, Alliance, NE 69301","419 W 25th St, Alliance, NE 69301",419 W 25th St,Alliance,NE,69301,(308) 762-7177,Mon - Sun 24/7 - Please call partner for more information.,Meal Provider
Intercultural Senior Center,Requirements: Please call partner for more information (no ID required to receive USDA/TEFAP food).,Details: USDA/TEFAP Provider.,"5545 Center St, Omaha, NE 68106","5545 Center St, Omaha, NE 68106",5545 Center St,Omaha,NE,68106,(402) 444-6529,Mon Please call partner for more information.,Food Pantry
James Phillip Foster (JPF) Hope Resource Center,"Requirements: Name, zip code, household size, TEFAP form if applicable (no ID required to receive USDA/TEFAP food).",Details: USDA/TEFAP Provider.,"6124 N 99th St, Omaha, NE 68134","6124 N 99th St, Omaha, NE 68134",6124 N 99th St,Omaha,NE,68134,(402) 733-0594,"Sat 3rd Sat of each month, 10:00 am - 12:00 pm",Food Pantry
Joseph's Coat,"Requirements: Proof of residency,tefap form if applicable (no ID required to receive USDA/TEFAP food).",Details: USDA/TEFAP Provider.,"1737 Washington St, Blair, NE 68008","1737 Washington St, Blair, NE 68008",1737 Washington St,Blair,NE,68008,(402) 426-0440,Mon - Tues 10:00 am - 12:30 pm; Thurs - Fri 10:00 am - 12:30 pm; Sat 9:00 am - 12:00 pm,Food Pantry
Kearney Jubilee Center,Requirements: ID is preferred not mandatory (no ID required to receive USDA/TEFAP food).,Details: USDA/TEFAP Provider.,"1920 Central Ave, Kearney, NE 68847","1920 Central Ave, Kearney, NE 68847",1920 Central Ave,Kearney,NE,68847,(308) 234-3880,Mon 1:00 pm - 5:00 pm; Tues 9:00 am - 1:00 pm; Wed 1:00 pm - 5:00 pm; Fri 1:00 pm - 5:00 pm,Food Pantry
Keith-Arthur County Food Pantry,"Requirements: Keith or Arthur country resident, ID, income verification, mail (no ID required to receive USDA/TEFAP food).",Details: USDA/TEFAP Provider.,"309 W O St, Ogallala, NE 69153","309 W O St, Ogallala, NE 69153",309 W O St,Ogallala,NE,69153,(308) 280-0494,"Wed 1st and 3rd Weds: 11:30 am - 1:00 pm; 2nd, 4th, and 5th Weds: 5:30 pm - 7:00 pm",Food Pantry
Kimball Food Pantry,"Requirements: Keith or Arthur country resident, ID, income verification, mail (no ID required to receive USDA/TEFAP food).",Details: USDA/TEFAP Provider.,"301 S Howard St, Kimball, NE 69145","301 S Howard St, Kimball, NE 69145",301 S Howard St,Kimball,NE,69145,(308) 235-7117,Tues 1st Tues 9:30 am - 11:15 am; Thurs 3rd and 4th Thurs 5:15 pm - 7:00 pm,Food Pantry
Kountze Memorial Pantry,Requirements: None.,NA,"2665 Douglas St, Omaha, NE 68131","2665 Douglas St, Omaha, NE 68131",2665 Douglas St,Omaha,NE,68131,(402) 341-7761,Mon 10:00 am - 1:00 pm,Food Pantry
Lexington Food Pantry,Requirements: None.,Details: USDA/TEFAP Provider.,"931 W 7th St, Lexington, NE 68850","931 W 7th St, Lexington, NE 68850",931 W 7th St,Lexington,NE,68850,(308) 324-4219,Mon - Thurs 9:00 am - 12:00 pm; 1:00 pm - 4:00 pm and by appointment,Food Pantry
Living Hope Food Pantry,Requirements: Please call partner for more information.,NA,"8323 N 30th St, Omaha, NE 68112","8323 N 30th St, Omaha, NE 68112",8323 N 30th St,Omaha,NE,68112,(402) 614-7452,Tues - Fri 11:00 am - 3:00 pm,Food Pantry
LM First Lutheran Pantry,"Requirements: Proof of address, ID, Social Security card (no ID required to receive USDA/TEFAP food).",Details: USDA/TEFAP Provider.,"542 S 31St St, Omaha, NE 68105","542 S 31St St, Omaha, NE 68105",542 S 31St St,Omaha,NE,68105,(402) 345-7506,"Tues 1:00 pm - 4:00pm Closed June 9th, 2026",Food Pantry
Madison Food Pantry,Requirements: Any ID card (no ID required to receive USDA/TEFAP food).,Details: USDA/TEFAP Provider.,"115 E 3rd St, Madison, NE 68748","115 E 3rd St, Madison, NE 68748",115 E 3rd St,Madison,NE,68748,(612) 554-2144,Sat 9:00 am - 11:00 am,Food Pantry
Marshall Drive Baptist Pantry,Requirements: None.,NA,"4845 Marshall Dr, Omaha, NE 68137","4845 Marshall Dr, Omaha, NE 68137",4845 Marshall Dr,Omaha,NE,68137,(402) 895-4227,"Fri Fri or by appointment, 9:00 am - 12:00 pm",Food Pantry
McCook Pantry Inc.,Requirements: None.,Details: USDA/TEFAP Provider.,"509 West 1st St, Mccook, NE 69001","509 West 1st St, Mccook, NE 69001",509 West 1st St,Mccook,NE,69001,(308) 340-1449,Mon - Fri 1:00 pm - 4:00 pm,Food Pantry
Metropolitan Community College (MCC) E-Pantry,Requirements: Please call partner for more information.,NA,"1234 E Hartman Ave, Omaha, NE 68110","1234 E Hartman Ave, Omaha, NE 68110",1234 E Hartman Ave,Omaha,NE,68110,(531) 622-2822,Mon - Sun Please call partner for more information.,Food Pantry
Midwest Family Worship Center,Requirements: TEFAP form if applicable (no ID required to receive USDA/TEFAP food).,Details: USDA/TEFAP Provider.,"2540 6th Ave, Council Bluffs, IA 51501","2540 6th Ave, Council Bluffs, IA 51501",2540 6th Ave,Council Bluffs,IA,51501,(402) 505-2618,"Sat 3rd Sat of each month, 10:00 am- 12:00 pm",Food Pantry
Mills County Ministerial Pantry,"Requirements: Proof of residency, TEFAP form if applicable (no ID required to receive USDA/TEFAP food).",Details: USDA/TEFAP Provider.,"112 N Walnut St, Glenwood, IA 51534","112 N Walnut St, Glenwood, IA 51534",112 N Walnut St,Glenwood,IA,51534,(712) 527-4607,Thurs 1st Thurs of Month 6:00 pm - 8:00 pm; remaining Thurs 9:30 am - 2:00 pm,Food Pantry
Mills County Storehouse,"Requirements: Photo ID, proof of residency, TEFAP form if applicable (no ID required to receive USDA/TEFAP food).",Details: USDA/TEFAP Provider.,"405 Nuckolls St, Glenwood, IA 51534","405 Nuckolls St, Glenwood, IA 51534",405 Nuckolls St,Glenwood,IA,51534,(712) 527-5141,Mon 8:30 am - 1:00 pm; Tues 10:00 am - 3:00 pm; Thurs 10:00 am - 4:00 pm; Fri 10:00 am - 3:00 pm; Sat 10:00 am - 12:00 pm,Food Pantry
Morning Star Baptist Church,Requirements: Please call partner for more information.,NA,"2019 Burdette St, Omaha, NE 68110","2019 Burdette St, Omaha, NE 68110",2019 Burdette St,Omaha,NE,68110,(402) 342-0018,Mon Please call partner for more information.,Food Pantry
Neola Community Food Pantry,Requirements: None.,Details: USDA/TEFAP Provider.,"106 Lincoln St, Minden, IA 51553","106 Lincoln St, Minden, IA 51553",106 Lincoln St,Minden,IA,51553,(402) 968-5357,Sat 10:00 am - 12:00 pm,Food Pantry
New Life Food Pantry,Requirements: None.,Details: USDA/TEFAP Provider.,"1909 Park St, Hamburg, IA 51640","1909 Park St, Hamburg, IA 51640",1909 Park St,Hamburg,IA,51640,(712) 579-6101,"Tues 1st and 3rd Tues of each month, 5:00 pm - 6:30 pm",Food Pantry
New Visions Omaha,Requirements: Residents only or VA card.,NA,"1425 N 18th St, Omaha, NE 68102","1425 N 18th St, Omaha, NE 68102",1425 N 18th St,Omaha,NE,68102,(402) 505-3523,"Mon - Sun 8:00 am - 9:00 am, 11:30 am - 12:30 pm, 5:00 pm - 6:00 pm",Meal Provider
Nishna - Red Oak,Requirements: Residence only.,NA,"100 E Oak St, Red Oak, IA 51566","100 E Oak St, Red Oak, IA 51566",100 E Oak St,Red Oak,IA,51566,(712) 623-4362,"Mon - Sun 7:30 am - 8:00 am, 12:00 pm - 1:00 pm, 5:30 pm, 8:00 pm",Meal Provider
Norfolk Ministerial Association,Requirements: Social Security card and proof of residency (no ID required to receive USDA/TEFAP food).,Details: USDA/TEFAP Provider.,"132 S 4th St, Norfolk, NE 68701","132 S 4th St, Norfolk, NE 68701",132 S 4th St,Norfolk,NE,68701,(402) 644-8155,"Mon - Fri 9:30 am - 11:00 am, Call for appointment",Food Pantry
North Platte Catholic Community Food Pantry,Requirements: None.,Details: USDA/TEFAP Provider.,"421 1/2 E 3rd St, North Platte, NE 69101","421 1/2 E 3rd St, North Platte, NE 69101",421 1/2 E 3rd St,North Platte,NE,69101,(308) 532-8800,Mon - Tues 1:00 - 3:00 pm; Thurs 1:00 - 3:00 pm,Food Pantry
Northeast Nebraska Community Action Partnership (CAP) - Creighton,"Requirements: Driver's License, Social Security card, proof of residency, proof of Income, fill out paperwork (no ID required to receive USDA/TEFAP food).",Details: USDA/TEFAP Provider.,"808 Chase Ave, Creighton, NE 68729","808 Chase Ave, Creighton, NE 68729",808 Chase Ave,Creighton,NE,68729,(402) 358-5297,Mon - Thurs 8:00 am - 4:30 pm by appointment,Food Pantry
Northeast Nebraska Community Action Partnership (CAP) - Norfolk,Requirements: ID preferred but not required (no ID required to receive USDA/TEFAP food).,Details: USDA/TEFAP Provider.,"1405 Riverside Blvd, Norfolk, NE 68701","1405 Riverside Blvd, Norfolk, NE 68701",1405 Riverside Blvd,Norfolk,NE,68701,(402) 371-0377,Mon - Fri 8:00 am - 4:30 pm by appointment,Food Pantry
Northeast Nebraska Community Action Partnership (CAP) - Pender,"Requirements: Drivers license, Social Security card, fill out paperwork (no ID required to receive USDA/TEFAP food).",Details: USDA/TEFAP Provider.,"603 Earl St, Pender, NE 68047","603 Earl St, Pender, NE 68047",603 Earl St,Pender,NE,68047,(402) 385-6300,Mon - Fri 8:00 am - 4:30 pm by appointment,Food Pantry
Northwest Community Action Partnership (NCAP Food and Nutrition Programs) - Alliance Extra Helpings Food Pantry,Requirements: Please call partner for more information.,NA,"1028 E. Third St., Bldg C Room 100 or 200, Alliance, NE 69301","1028 E. Third St., Bldg C Room 100 or 200, Alliance, NE 69301",1028 E. Third St.,Bldg C Room 100 or 200,NA,NA,(308) 762-4523,Mon 9:30 am - 12:00 pm and 1:00 pm - 3:00 pm; Wed 9:30 am - 12:00 pm and 1:00 pm - 3:00 pm,Food Pantry
Northwest Community Action Partnership (NCAP Food and Nutrition Programs) - Chadron Extra Helpings Food Pantry,Requirements: Please call partner for more information.,NA,"127 W 2nd St, Ste 105, Chadron, NE 69337","127 W 2nd St, Ste 105, Chadron, NE 69337",127 W 2nd St,Ste 105,NA,NA,(308) 747-2200,Tues - Wed 10:30 am - 12:00 pm and 1:00 pm - 4:00 pm,Food Pantry
Northwest Community Action Partnership (NCAP Food and Nutrition Programs) - Rushville Extra Helpings Food Pantry,Requirements: Please call partner for more information.,NA,"207 S Main St, Rushville, NE 69360","207 S Main St, Rushville, NE 69360",207 S Main St,Rushville,NE,69360,(308) 430-3438,"Tues 1st and 3rd Tues of each month, 10:00 am - 12:00 pm and 1:00 pm - 3:00 pm",Food Pantry
Northwest Community Action Partnership (NCAP Food and Nutrition Programs) - Valentine Extra Helpings Food Pantry,Requirements: Please call partner for more information.,NA,"158 N Main St, Valentine, NE 69201","158 N Main St, Valentine, NE 69201",158 N Main St,Valentine,NE,69201,(402) 376-1886,Tues - Wed 8:00 am - 3:00 pm,Food Pantry
Notre Dame Housing,Requirements: Proof of address.,NA,"3439 State St, Omaha, NE 68115","3439 State St, Omaha, NE 68115",3439 State St,Omaha,NE,68115,(402) 451-4477,"Wed 3rd Weds of each month, 10:00 am - 2:00 pm",Food Pantry
Nuckolls County Food Pantry,Requirements: None.,Details: USDA/TEFAP Provider.,"145 East 4th St, Superior, NE 68978","145 East 4th St, Superior, NE 68978",145 East 4th St,Superior,NE,68978,(402) 879-3715,Mon - Fri 9:00 am - 5:00 pm,Food Pantry
O'Neill Methodist Church (MC) Pantry,Requirements: Sign USDA form (no ID required to receive USDA/TEFAP food).,Details: USDA/TEFAP Provider.,"404 West Cedar St, O'Neill, NE 68763","404 West Cedar St, O'Neill, NE 68763",404 West Cedar St,O'Neill,NE,68763,(402) 336-1883,"Thurs 1st and 3rd Thurs of each month, 11:00 am - 1:00 pm",Food Pantry
One Life Church,Requirements: Please call partner for more information.,NA,"211 S. 23rd Street Plattsmouth, NE 68048","211 S. 23rd Street Plattsmouth, NE 68048",211 S. 23rd Street Plattsmouth,NE 68048,NA,NA,(402) 804-2101,Wed 2nd & 4th Wednesdays 5:30 pm - 6:30 pm,Food Pantry
One World Community Health Center,Requirements: Please call partner for more information.,NA,"4920 S 30th St, Omaha, NE 68107","4920 S 30th St, Omaha, NE 68107",4920 S 30th St,Omaha,NE,68107,(402) 734-4110,Mon Please call partner for more information.,Food Pantry
One14 Center Pantry,Requirements: Photo ID and proof of address.,NA,"2617 S 114th St, Omaha, NE 68144","2617 S 114th St, Omaha, NE 68144",2617 S 114th St,Omaha,NE,68144,(402) 333-4444 ext. 1002,Mon 3rd Monday 4:00 pm - 6:00 pm; Sun 1st Sunday 12:00 pm - 2:00 pm,Food Pantry
Our Saviors Lutheran Pantry,Requirements: TEFAP form if applicable (no ID required to receive USDA/TEFAP food).,Details: USDA/TEFAP Provider.,"313 Story St, Council Bluffs, IA 51503","313 Story St, Council Bluffs, IA 51503",313 Story St,Council Bluffs,IA,51503,(712) 322-6655,Thurs 11:00 am - 3:00 pm; Fri 4th Fri 5:00 pm - 7:00 pm,Food Pantry
Oxford Community Food Pantry,Requirements: May ask for proof of address (no ID required to receive USDA/TEFAP food).,Details: USDA/TEFAP Provider.,"801 Odell St, Oxford, NE 68967","801 Odell St, Oxford, NE 68967",801 Odell St,Oxford,NE,68967,(308) 991-7331,Tues Please call partner for more information.; Thurs Please call partner for more information.,Food Pantry
Phelps Community Pantry,Requirements: Must live in county (no ID required to receive USDA/TEFAP food).,Details: USDA/TEFAP Provider.,"202 West Ave, Holdrege, NE 68949","202 West Ave, Holdrege, NE 68949",202 West Ave,Holdrege,NE,68949,(308) 995-4254,Mon - Fri 1:00 pm - 2:00 pm,Food Pantry
Pilger Community Food Pantry,Requirements: None.,NA,"Cooper Family Community Center: 100 W 2nd St, Pilger, NE 68768","100 W 2nd St, Pilger, NE 68768",100 W 2nd St,Pilger,NE,68768,(402) 750-6000,"Tues Typically 2nd Tues of each month, 5:00 pm - 6:30 pm",Food Pantry
Potter's Wheel Ministries,Requirements: Referrals.,NA,"118 E Overland, Scottsbluff, NE 69361","118 E Overland, Scottsbluff, NE 69361",118 E Overland,Scottsbluff,NE,69361,(308) 672-7400,Tues 1:00 pm - 2:45 pm; Thurs 1:00 pm - 2:45 pm,Food Pantry
Prairie Rose Pantry,Requirements: None.,Details: USDA/TEFAP Provider.,"406 2nd St, Taylor, NE 68879","406 2nd St, Taylor, NE 68879",406 2nd St,Taylor,NE,68879,(308) 214-1050,"Thurs 2nd Thurs of the month, 3:30 pm - 5:00 pm",Food Pantry
Project Hope Pantry,"Requirements: Photo ID, Social Security card, proof of residence.",NA,"6201 N 60th St, Omaha, NE 68104","6201 N 60th St, Omaha, NE 68104",6201 N 60th St,Omaha,NE,68104,(402) 453-7649,Mon 11:00 am - 2:45 pm; Wed 11:00 am - 2:45 pm; Fri 11:00 am - 2:45 pm,Food Pantry
Randolph Pantry,Requirements: Sign form at the pantry (no ID required to receive USDA/TEFAP food).,Details: USDA/TEFAP Provider.,"310 W Broadway, Randolph, NE 68771","310 W Broadway, Randolph, NE 68771",310 W Broadway,Randolph,NE,68771,(402) 360-0485,"Mon 2nd and 4th Mon of each month, 5:00 pm - 7:00 pm; Tues - Sun By appointment",Food Pantry
Revive Inc.,Requirements: Enrolled in program.,NA,"2205 Osborne Drive E, Hastings, NE 68901","2205 Osborne Drive E, Hastings, NE 68901",2205 Osborne Drive E,Hastings,NE,68901,(402) 462-2066,"Mon - Sun 7:00 am, 11:00 am, 5:00 pm",Meal Provider
Roca De Salvacion Pantry,"Requirements: Photo ID, address, how many in household, TEFAP form if applicable (no ID required to receive USDA/TEFAP food).",Details: USDA/TEFAP Provider.,"4757 N 24th St, Omaha, NE 68110","4757 N 24th St, Omaha, NE 68110",4757 N 24th St,Omaha,NE,68110,(402) 342-7649,Wed 2:00 pm - 4:00 pm,Food Pantry
Rock County Pantry,Requirements: Proof of residency in Rock County (no ID required to receive USDA/TEFAP food).,Details: USDA/TEFAP Provider.,"656 Sunrise Cir, Bassett, NE 68714","656 Sunrise Cir, Bassett, NE 68714",656 Sunrise Cir,Bassett,NE,68714,(402) 760-2180,"Mon 3rd Mon of each month, 3:00 pm - 6:00 pm",Food Pantry
Salvation Army (SA) Burrows Center,Requirements: TEFAP form if applicable (no ID required to receive USDA/TEFAP food).,Details: USDA/TEFAP Provider.,"6101 NW Radial Hwy, Omaha, NE 68104","6101 NW Radial Hwy, Omaha, NE 68104",6101 NW Radial Hwy,Omaha,NE,68104,(402) 898-5863,Mon - Tues 9:00 am - 11:00 am and 1:00 pm - 3:30 pm; Thurs - Fri 9:00 am - 11:00 am and 1:00 pm - 3:30 pm,Food Pantry
Salvation Army (SA) Grand Island-Meal Provider,Requirements: None.,NA,"818 W 3rd St, Grand Island, NE 68801","818 W 3rd St, Grand Island, NE 68801",818 W 3rd St,Grand Island,NE,68801,(308) 395-8369,"Mon - Fri 12:00 pm - 1:00 pm, 5:00 pm - 6:00 pm",Meal Provider
Salvation Army (SA) Grand Island-Pantry,Requirements: None.,NA,"818 W 3rd St, Grand Island, NE 68801","818 W 3rd St, Grand Island, NE 68801",818 W 3rd St,Grand Island,NE,68801,(308) 382-4855,Mon - Wed 1:00 pm - 4:30 pm; Thurs 9:00 am - 1:45 pm; Fri 1:00 pm - 4:30 pm,Food Pantry
Salvation Army (SA) Kearney,Requirements: None.,Details: USDA/TEFAP Provider.,"1719 Central Ave, Kearney, NE 68847","1719 Central Ave, Kearney, NE 68847",1719 Central Ave,Kearney,NE,68847,(308) 234-9998,Thurs 2:00 pm- 4:00 pm. Please call partner for more information.,Food Pantry
Salvation Army (SA) North Kare Kitchen,Requirements: None.,Details: USDA/TEFAP Provider.,"2401 Manderson St, Omaha, NE 68111","2401 Manderson St, Omaha, NE 68111",2401 Manderson St,Omaha,NE,68111,(402) 451-4048,Mon - Fri 11:30 am - 1:00 pm,Meal Provider
Salvation Army (SA) North Platte,Requirements: 2 forms of ID for everyone in the household.,NA,"1020 N Adams Ave, North Platte, NE 69101","1020 N Adams Ave, North Platte, NE 69101",1020 N Adams Ave,North Platte,NE,69101,(308) 532-2038,Tues 9:00 am - 11:45 am; Wed 6:00 pm - 7:00 pm; Thurs 9:00 am - 11:45 am,Food Pantry
Salvation Army (SA) Pantry - Columbus,"Requirements: Proof of residency, photo ID, proof of income, Medicaid/birth certificate for children (no ID required to receive USDA/TEFAP food).",Details: USDA/TEFAP Provider.,"1711 23rd St, Columbus, NE 68601","1711 23rd St, Columbus, NE 68601",1711 23rd St,Columbus,NE,68601,(402) 564-2184,Tues 1:00 pm - 3:00 pm; Thurs 1:00 pm - 3:00 pm,Food Pantry
Salvation Army (SA) Pantry - Norfolk,"Requirements: Driver's license, proof of residency, proof of income (no ID required to receive USDA/TEFAP food).",Details: USDA/TEFAP Provider.,"610 W Norfolk Ave, Norfolk, NE 68701","610 W Norfolk Ave, Norfolk, NE 68701",610 W Norfolk Ave,Norfolk,NE,68701,(402) 379-4663 ext. 201,Mon 9:00 am - 12:00 pm and 1:00 pm - 4:00 pm; Wed 9:00 am - 12:00 pm and 1:00 pm - 4:00 pm; Fri 9:00 am - 12:00 pm,Food Pantry
San Andres Lutheran Pantry,Requirements: Please call partner for more information (no ID required to receive USDA/TEFAP food).,Details: USDA/TEFAP Provider.,"4440 S 25th St, Omaha, NE 68107","4440 S 25th St, Omaha, NE 68107",4440 S 25th St,Omaha,NE,68107,(712) 831-3115,Mon - Sun Please call partner for more information.,Food Pantry
SCDC - Salem Food Pantry,Requirements: None.,Details: USDA/TEFAP Provider.,"3120 Lake St, Omaha, NE 68111","3120 Lake St, Omaha, NE 68111",3120 Lake St,Omaha,NE,68111,(402) 505-9973,Wed - Thurs 10:00 am - 2:00 pm,Food Pantry
Sew & Share Pantry,Requirements: None.,Details: USDA/TEFAP Provider.,"923 W State St, Clarinda, IA 51632","923 W State St, Clarinda, IA 51632",923 W State St,Clarinda,IA,51632,(712) 303-2751,Wed 1:00 pm - 3:00 pm,Food Pantry
Shared Abundance Food Pantry,Requirements: None.,Details: USDA/TEFAP Provider.,"519 E Webster St, Morrill, NE 69358","519 E Webster St, Morrill, NE 69358",519 E Webster St,Morrill,NE,69358,(308) 830-5829,"Thurs 2nd Thursday of each month, 5:30 - 7:30 pm (MST); Sat 4th Saturday of each month, 10:00 am - 12:00 pm (MST)",Food Pantry
Sharing & Caring Neighbors,Requirements: None.,Details: USDA/TEFAP Provider.,"112 N 1st St, Hay Springs, NE 69347","112 N 1st St, Hay Springs, NE 69347",112 N 1st St,Hay Springs,NE,69347,(308) 430-1074,Wed 8:30 am - 3:00 pm,Food Pantry
Siena Francis House,Requirements: None.,Details: USDA/TEFAP Provider.,"1702 Nicholas St, Omaha, NE 68101","1702 Nicholas St, Omaha, NE 68101",1702 Nicholas St,Omaha,NE,68101,(402) 341-1821,"Mon 11:30am - 12:30pm - Please call partner for more information.; Tues - Thurs 11:30am - 12:30pm; Fri 12pm - 1pm; Sat 7am and 5am - 7pm, 11:30am - 12:30pm; Sun 7am and 5am - 7pm, 9am - 11am",Meal Provider
Simon House Pantry,Requirements: Driver's license and proof of residency.,NA,"1853 10th Ave, Columbus, NE 68601","1853 10th Ave, Columbus, NE 68601",1853 10th Ave,Columbus,NE,68601,(402) 564-8444,Mon - Fri 10:30 am - 4:30 pm,Food Pantry
Southside Helping Hands Pantry,Requirements: TEFAP form if applicable (no ID required to receive USDA/TEFAP food).,Details: USDA/TEFAP Provider.,"1919 S 10th St, Council Bluffs, IA 51501","1919 S 10th St, Council Bluffs, IA 51501",1919 S 10th St,Council Bluffs,IA,51501,(712) 322-8122,Wed 8:00 am - 10:30 am; Fri 8:00 am - 10:30 am,Food Pantry
St. Bernard Pantry St. Vincent De Paul (SVDP),Requirements: Social Security card and proof of residency (no ID required to receive USDA/TEFAP food).,Details: USDA/TEFAP Provider.,"3601 N 65th St, Omaha, NE 68104","3601 N 65th St, Omaha, NE 68104",3601 N 65th St,Omaha,NE,68104,(402) 690-9432,Tues 3:30 pm - 5:00 pm,Food Pantry
St. Cecilias Pantry,Requirements: None.,NA,"701 N 40th St, Omaha, NE 68131","701 N 40th St, Omaha, NE 68131",701 N 40th St,Omaha,NE,68131,(402) 551-2313,Mon - Fri 9:00 am - 4:00 pm,Food Pantry
"St. Peter's Food Pantry, St. Vincent De Paul (SVDP)",Requirements: ID.,NA,"709 S 28th St, Omaha, NE 68105","709 S 28th St, Omaha, NE 68105",709 S 28th St,Omaha,NE,68105,(402) 350-0888,"Tues - Fri 9:00 am - 12:00 pm, 1:00 pm - 5:30 pm; Sat 1:00 pm - 3:00pm",Food Pantry
St. Vincent De Paul Society Pantry,"Requirements: ID, proof of address, Social Security card for dependents (no ID required to receive USDA/TEFAP food).",Details: USDA/TEFAP Provider.,"2101 Leavenworth St, Omaha, NE 68105","2101 Leavenworth St, Omaha, NE 68105",2101 Leavenworth St,Omaha,NE,68105,(402) 779-8499,Tues 9:00 am - 12:30 pm; Thurs 9:00 am - 12:30 pm,Food Pantry
Table Of Grace,Requirements: None.,Details: USDA/TEFAP Provider.,"1114 Toledo St, Sidney, NE 69162","1114 Toledo St, Sidney, NE 69162",1114 Toledo St,Sidney,NE,69162,(308) 765-0362,"Thurs 1st, 3rd, and 5th Thurs 11:00 am - 1:00 pm; 2nd and 4th Thurs 5:30 pm - 7:00 pm",Food Pantry
The Bread Box Inc.,Requirements: Proof of residnecy and phone number (no ID required to receive USDA/TEFAP food).,Details: USDA/TEFAP Provider.,"311 N Way Ave, Sutton, NE 68979","311 N Way Ave, Sutton, NE 68979",311 N Way Ave,Sutton,NE,68979,(402) 773-4658,Fri 1:00 pm - 2:00 pm; Sat 9:00 am - 10:00 am,Food Pantry
The Minden Closet Food Pantry,Requirements: None. (no ID required to receive USDA/TEFAP food).,Details: USDA/TEFAP Provider.,"341 E 4th St, Minden, NE 68959","341 E 4th St, Minden, NE 68959",341 E 4th St,Minden,NE,68959,(308) 832-1221,"Tues By appointment, 10:00 am - 4:00 pm",Food Pantry
The Table at Salem Food Pantry,Requirements: None. Please call for an appointment if outside of time frame listed.,NA,"406 E Military Ave, Fremont, NE 68025","406 E Military Ave, Fremont, NE 68025",406 E Military Ave,Fremont,NE,68025,(402) 981-0140,"Sat Last Sat of each month, 9:00 am - 11:00 am",Food Pantry
Together (Council Bluffs Location),Requirements: Some products may only be available to Iowa residents.,Details: USDA/TEFAP Provider.,"830 N 14th Street, Suite 101, Council Bluffs, IA 51501","830 N 14th Street, Suite 101, Council Bluffs, IA 51501",830 N 14th Street,Suite 101,NA,NA,https://togetheromaha.org/,Mon 12:00 pm - 4:00 pm; Tues 2:00 pm - 6:00 pm; Wed 12:00 pm - 4:00 pm; Thurs 2:00 pm - 6:00 pm; Fri 12:00 pm - 4:00 pm,Food Pantry
Together (Omaha Location),Requirements: Some products may only be available to Nebraska residents.,Details: USDA/TEFAP Provider.,"812 S 24th St, Omaha, NE 68108","812 S 24th St, Omaha, NE 68108",812 S 24th St,Omaha,NE,68108,https://togetheromaha.org/,Mon - Thurs 10:00 am - 3:30 pm; Fri 10:00 am - 2:00 pm,Food Pantry
Trailblazers Pantry,Requirements: TEFAP form if applicable (no ID required to receive USDA/TEFAP food).,Details: USDA/TEFAP Provider.,"815 N 16th St, Council Bluffs, IA 51501","815 N 16th St, Council Bluffs, IA 51501",815 N 16th St,Council Bluffs,IA,51501,(712) 328-2088,"Wed Snacks of Weds, 6:30 pm - 7:30 p.m.; Sat 1st and 3rd Sat of each month, 2:30 pm - 4:30 pm",Meal Provider
Trinity Lutheran Church Pantry,Requirements: None.,NA,"415 Antique City Dr, Walnut, IA 51577","415 Antique City Dr, Walnut, IA 51577",415 Antique City Dr,Walnut,IA,51577,(712) 249-0760,Thurs 4:00 pm - 6:00 pm,Food Pantry
United Methodist Church - Mondamin,"Requirements: Proof of residency (any local bill like water, electric, gas),TEFAP form if applicable (no ID required to receive USDA/TEFAP food).",Details: USDA/TEFAP Provider.,"109 S Vine St, Mondamin, IA 51557","109 S Vine St, Mondamin, IA 51557",109 S Vine St,Mondamin,IA,51557,(402) 690-4692,Wed 5:00 pm - 6:30pm; Sun 11:30 am - 1:00 pm,Food Pantry
United Methodist Church (UMC) Ord Area Pantry,Requirements: Proof of residency (no ID required to receive USDA/TEFAP food).,Details: USDA/TEFAP Provider.,"213 S 15th St, Ord, NE 68862","213 S 15th St, Ord, NE 68862",213 S 15th St,Ord,NE,68862,(308) 730-0069,Thurs 1:00 pm - 4:00 pm,Food Pantry
Vanua,"Requirements: Proof of residency (even outside of county) no USDA provided to out of state individuals, TEFAP form if applicable (no ID required to receive USDA/TEFAP food).",Details: USDA/TEFAP Provider.,"212 N Vine St, Glenwood, IA 51534","212 N Vine St, Glenwood, IA 51534",212 N Vine St,Glenwood,IA,51534,(402) 630-0105,"Mon - Fri By emergency appointment, Please call partner for more information.",Food Pantry
Vineyard Food Assistance,Requirements: ID (no ID required to receive USDA/TEFAP food).,Details: USDA/TEFAP Provider.,"8333 Fort St, Omaha, NE 68134","8333 Fort St, Omaha, NE 68134",8333 Fort St,Omaha,NE,68134,(402) 740-2474,"Sat Third Sat of each month, 9:00 am - 12:00 pm",Food Pantry
Webster County Food Pantry,Requirements: None.,Details: USDA/TEFAP Provider.,"341 W 7th Ave, Red Cloud, NE 68970","341 W 7th Ave, Red Cloud, NE 68970",341 W 7th Ave,Red Cloud,NE,68970,(402) 257-7448,"Mon 1st Mon of each month, 8:00 am - 11:00 am",Food Pantry
West Central Community Action Harlan,"Requirements: Photo ID, Social Security card, proof of residency, TEFAP form if applicable (no ID required to receive USDA/TEFAP food).",Details: USDA/TEFAP Provider.,"1017 7th St, Harlan, IA 51537","1017 7th St, Harlan, IA 51537",1017 7th St,Harlan,IA,51537,(712) 755-5602,"Mon - Fri By appointment, 8:00 am - 1:00 pm; call for afternoon availability",Food Pantry
West Central Community Action Logan,"Requirements: Photo ID, Social Security card, proof of residency, TEFAP form if applicable (no ID required to receive USDA/TEFAP food).",Details: USDA/TEFAP Provider.,"107 N 4th Ave, Logan, IA 51546","107 N 4th Ave, Logan, IA 51546",107 N 4th Ave,Logan,IA,51546,(712) 644-3388,"Mon - Fri By appointment, 9:00 am - 3:00 pm",Food Pantry
West Central Community Action Malvern,"Requirements: Basic intake form, TEFAP form if applicable (no ID required to receive USDA/TEFAP food).",Details: USDA/TEFAP Provider.,"313 Main St, Malvern, IA 51551","313 Main St, Malvern, IA 51551",313 Main St,Malvern,IA,51551,(712) 624-8172,"Mon - Fri By appointment, 8:00 am - 4:30 pm",Food Pantry
West Central Community Action Red Oak,"Requirements: Photo ID, Social Security card, proof of residency, TEFAP form if applicable (no ID required to receive USDA/TEFAP food).",Details: USDA/TEFAP Provider.,"1109 Highland Ave, Red Oak, IA 51566","1109 Highland Ave, Red Oak, IA 51566",1109 Highland Ave,Red Oak,IA,51566,(712) 623-2339,"Mon By appointment, 9:00 am - 12:00 pm and 1:00 p.m - 3:00 pm; Thurs By appointment, 9:00 am - 12:00 pm and 1:00 p.m - 3:00 pm",Food Pantry
West Central Community Action Sidney,"Requirements: Fremont county resident or homeless, TEFAP form if applicable (no ID required to receive USDA/TEFAP food).",Details: USDA/TEFAP Provider.,"910 Illinois St, Sidney, IA 51652","910 Illinois St, Sidney, IA 51652",910 Illinois St,Sidney,IA,51652,(712) 374-3367,"Mon - Thurs By appointment, 8:00 am - 4:30 pm; Fri By appointment, 8:00 am - 12:00 pm",Food Pantry
Women United Ministries,"Requirements: Proof of address, ID, Social Security card (no ID required to receive USDA/TEFAP food).",Details: USDA/TEFAP Provider.,"1202 E Browne St, Omaha, NE 68110","1202 E Browne St, Omaha, NE 68110",1202 E Browne St,Omaha,NE,68110,(402) 591-0354,Mon - Fri 9:00 am - 5:00 pm by appointment,Food Pantry
Woodbine Community Food Pantry,Requirements: Harrison county resident.,NA,"76 5th St, Woodbine, IA 51579","76 5th St, Woodbine, IA 51579",76 5th St,Woodbine,IA,51579,(712) 647-3434,Tues 4:00 pm - 6:00 pm; Thurs 4:00 pm - 6:00 pm,Food Pantry
